"line_type","chromosome","position","ref_seq","alt_seq","line_type","chromosome","position","ref_seq","alt_seq"
"","","","","","","","","",""
"L17J","2","13115593","TTATATATATATATATAT","TTATATATATATATAT","","","","",""
"L17J","2","13095184","A","C","","","","",""
"L17J","2","13080605","C","A","","","","",""
"L17J","2","13056417","G","T","","","","",""
"L17J","2","12980788","TTCTCTCTCTCTCTCTCTCTCTCTCT","TTCTCTCTCTCTCTCTCTCTCTCT","","","","",""
"L17J","2","12909981","ATCTTCTTCTTCTTCTTCTTCTTC","ATCTTCTTCTTCTTCTTCTTC","","","","",""
"L17J","2","12867481","CTATATATATATATATATATATATA","CTATATATATATATATATATATATATA","","","","",""
"L17J","2","12866447","G","T","","","","",""
"L17J","2","12812804","GGAGAGAGAGAGAGAGAG","GGAGAGAGAGAGAGAG","","","","",""
"L17J","2","12740349","CATATATATATATATATAT","CATATATATATATATAT","","","","",""
"L17J","2","12739079","GAA","GAAA","","","","",""
"L17J","2","12600328","G","A","","","","",""
"L17J","2","12600322","G","A","","","","",""
"L17J","2","12459969","A","T","","","","",""
"L17J","2","12352494","G","A","","","","",""
"L17J","2","12322423","G","T","","","","",""
"L17J","2","12304368","AATATATATATATATATATATATATATATATATATATATATA","AATATATATATATATATATATATATATATATATATATA","","","","",""
"L17J","2","12280197","G","T","","","","",""
"L17J","2","12028795","G","A","","","","",""
"L17J","2","12018534","C","A","","","","",""
"L17J","2","11970313","C","A","","","","",""
"L17J","2","11944444","GATATATATATATATATATATATATATATATGTATATATATATATATATAT","GATATATATATATATATATATATATATATATATGTATATATATATATATATAT","","","","",""
"L17J","2","11940281","CATATATATATATATATATATATATATATATATATATAT","CATATATATATATATATATATATATATATATATATATATAT,CATATATATATATATATATATATATATATATATATAT","","","","",""
"L17J","2","11835362","TTATATATATATATATATA","TTATATATATATATATA","","","","",""
"L17J","2","11820131","A","C","","","","",""
"L17J","2","11752033","GATATATATATATATATATATATATAT","GATATATATATATATATATATATAT","","","","",""
"L17J","2","11658099","CATATATATATATATATATATATATA","CATATATATATATATATATATATATATA","","","","",""
"L17J","2","11175260","CATATATATATATATATATATATA","CATATATATATATATATATATA","","","","",""
"L17J","2","11080923","CATATATATATATATATATATATAT","CATATATATATATATATATATAT","","","","",""
"L17J","2","11041565","G","A","","","","",""
"L17J","2","11002492","C","T","L21H","2","11002492","C","T"
"","","","","","L21H","2","11011630","AATATATATATATATATATATATA","AATATATATATATATATATA"
"L17J","2","11017525","A","C","L21H","2","11017525","A","C"
"L17J","2","11038939","TA","T","L21H","2","11038939","TA","T"
"L17J","2","11038940","A","T,G","L21H","2","11038940","A","G"
"","","","","","L21H","2","11062747","G","T"
"L17J","2","11066190","ATTTTTTTTTTTT","ATTTTTTTTTTTTT","L21H","2","11066190","ATTTTTTTTTTTT","ATTTTTTTTTTTTT"
"","","","","","L21H","2","11066193","T","TN"
"L17J","2","11088429","AATATATATATATATATATATATATATATATATATATA","AATATATATATATATATATATATATATATATATATA","L21H","2","11088429","AATATATATATATATATATATATATATATATATATATA","AATATATATATATATATATATATATATATATATATA,AATATATATATATATATATATATATATATATATA"
"","","","","","L21H","2","11095053","C","A"
"L17J","2","11101332","AATATATATATATATATATATAT","AATATATATATATATATATAT","L21H","2","11101332","AATATATATATATATATATATAT","AATATATATATATATATATAT"
"L17J","2","11112096","AATATATATATATATATATATATATATATATATAT","AATATATATATATATATATATATATATATATATATATAT","L21H","2","11112096","AATATATATATATATATATATATATATATATATAT","AATATATATATATATATATATATATATATATATATAT"
"","","","","","L21H","2","11124604","C","A"
"","","","","","L21H","2","11156571","G","C"
"L17J","2","11162058","C","A","L21H","2","11162058","C","A"
"","","","","","L21H","2","11164684","ATCTTCTTCTTCTTCTTCTTC","ATCTTCTTCTTCTTCTTC"
"L17J","2","11179986","C","T","L21H","2","11179986","C","T"
"","","","","","L21H","2","11190542","C","A"
"L17J","2","11195329","C","T","L21H","2","11195329","C","T"
"","","","","","L21H","2","11197386","TTTCTTCTTCTTCTTCTTCTTCTT","TTTCTTCTTCTTCTTCTTCTT"
"","","","","","L21H","2","11214851","G","T"
"L17J","2","11219205","C","T","L21H","2","11219205","C","T"
"L17J","2","11231102","C","T","L21H","2","11231102","C","T"
"","","","","","L21H","2","11232983","C","A"
"","","","","","L21H","2","11236246","G","T"
"L17J","2","11297839","AATATATATATATATATATATATATATA","AATATATATATATATATATATATATATATA","L21H","2","11297839","AATATATATATATATATATATATATATA","AATATATATATATATATATATATATATATA"
"L17J","2","11320955","C","T","L21H","2","11320955","C","T"
"","","","","","L21H","2","11338042","GTATATATATATATATATATATATATATATATATA","GTATATATATATATATATATATATATATATATATATA"
"L17J","2","11350676","GTATATATATATATATATATATAT","GTATATATATATATATATATAT","L21H","2","11350676","GTATATATATATATATATATATAT","GTATATATATATATATATATATATAT"
"","","","","","L21H","2","11367658","G","A"
"","","","","","L21H","2","11384823","G","T"
"L17J","2","11394383","C","T","L21H","2","11394383","C","T"
"L17J","2","11410907","T","A","L21H","2","11410907","T","A"
"","","","","","L21H","2","11413835","GTATATATATATATATATATATAT","GTATATATATATATATATAT"
"","","","","","L21H","2","11423430","C","A"
"","","","","","L21H","2","11439145","CATATATATATATATATATAT","CATATATATATATATATAT"
"","","","","","L21H","2","11442247","C","A"
"L17J","2","11492607","C","T","L21H","2","11492607","C","T"
"L17J","2","11507458","TTATATATATATATATATATA","TTATATATATATATATATA","L21H","2","11507458","TTATATATATATATATATATA","TTATATATATATATATATATATA"
"L17J","2","11522656","GTATATATATATATATATA","GTATATATATATATATA","L21H","2","11522656","GTATATATATATATATATA","GTATATATATATATATA"
"","","","","","L21H","2","11547990","G","A"
"L17J","2","11567247","ATTTTTTTTTT","ATTTTTTTTTTT,ATTTTTTTTTTTT","L21H","2","11567247","ATTTTTTTTTT","ATTTTTTTTTTT,ATTTTTTTTTTTT"
"","","","","","L21H","2","11570491","C","A"
"","","","","","L21H","2","11596312","G","A"
"","","","","","L21H","2","11601591","TAAAAAAAAAAAAAA","TAAAAAAAAAAAAAAA,TAAAAAAAAAAAAAAAA"
"","","","","","L21H","2","11615332","G","T"
"L17J","2","11620261","C","T","L21H","2","11620261","C","T"
"","","","","","L21H","2","11628321","C","A"
"L17J","2","11647456","AATATATATATATATATATATATAT","AATATATATATATATATATATAT","L21H","2","11647456","AATATATATATATATATATATATAT","AATATATATATATATATATATATATAT"
"","","","","","L21H","2","11687385","C","A"
"","","","","","L21H","2","11687884","C","T"
"","","","","","L21H","2","11696461","GGAGAGAGAGAGAGAGAGAGAGA","GGAGAGAGAGAGAGAGAGAGA"
"","","","","","L21H","2","11707135","G","T"
"","","","","","L21H","2","11728724","A","T"
"","","","","","L21H","2","11752497","CATATATATATATATATATAT","CATATATATATATATATATATAT"
"","","","","","L21H","2","11803459","G","A"
"","","","","","L21H","2","11824830","AAGAGAGAGAGAGAGAGAGAGA","AAGAGAGAGAGAGAGAGAGA"
"","","","","","L21H","2","11828592","G","A"
"","","","","","L21H","2","11837765","GTATATATATATATATAT","GTATATATATATATAT"
"","","","","","L21H","2","11872283","G","T"
"L17J","2","11891541","GTATATATATATATATATATATATATATAT","GTATATATATATATATATATATATATAT","L21H","2","11891541","GTATATATATATATATATATATATATATAT","GTATATATATATATATATATATATATAT"
"L17J","2","11944475","GTATATATATATATATATAT","GTATATATATATATATAT","L21H","2","11944475","G","A"
"L17J","2","11944475","G","A","L21H","2","11944475","G","A"
"","","","","","L21H","2","11944477","A","G"
"L17J","2","11956640","C","T","L21H","2","11956640","C","T"
"L17J","2","11983611","G","C","L21H","2","11983611","G","C"
"L17J","2","11983626","C","A","L21H","2","11983626","C","A"
"","","","","","L21H","2","11983662","G","A"
"L17J","2","11983670","T","A","L21H","2","11983670","T","A"
"L17J","2","11996724","AATATATATATATATATATATAT","AATATATATATATATATATATATAT","L21H","2","11996724","AATATATATATATATATATATAT","AATATATATATATATATATAT"
"L17J","2","12027012","ATTTTTTTTTTTT","ATTTTTTTTTTTTT,ATTTTTTTTTTTTTT","L21H","2","12027012","ATTTTTTTTTTTT","ATTTTTTTTTTTTT"
"L17J","2","12028789","G","T","L21H","2","12028789","G","T"
"","","","","","L21H","2","12045042","C","G"
"L17J","2","12060462","G","A","L21H","2","12060462","G","A"
"L17J","2","12073691","TTATATATATATATATATATATATATATAT","TTATATATATATATATATATATATATAT","L21H","2","12073691","TTATATATATATATATATATATATATATAT","TTATATATATATATATATATATATATAT"
"","","","","","L21H","2","12101748","AATATATATATATATATAT","AATATATATATATATAT"
"","","","","","L21H","2","12118605","CATATATATATATATATATAT","CATATATATATATATATAT"
"L17J","2","12119091","TTATATATATATATATATATATATATATATA","TTATATATATATATATATATATATATATA","L21H","2","12119091","TTATATATATATATATATATATATATATATA","TTATATATATATATATATATATATATA"
"","","","","","L21H","2","12154411","C","A"
"","","","","","L21H","2","12159702","G","A"
"","","","","","L21H","2","12163338","G","T"
"L17J","2","12181108","C","T","L21H","2","12181108","C","T"
"L17J","2","12193442","GATATATATATATATATATATATATATATATAT","GATATATATATATATATATATATATATATAT,GATATATATATATATATATATAT,GATATATATATATATATATATATATAT","L21H","2","12193442","GATATATATATATATATATATATATATATATAT","GATATATATATATATATATATATATATATAT,GATATATATATATATATATATATATATAT"
"","","","","","L21H","2","12193473","ATGTGTGTGTGTGTGTGTGT","ATGTGTGTGTGTGTGTGT"
"","","","","","L21H","2","12213619","C","A"
"","","","","","L21H","2","12226261","G","T"
"","","","","","L21H","2","12228875","G","T"
"","","","","","L21H","2","12231092","C","A"
"L17J","2","12294286","GATATATATATATATATATAT","GATATATATATATATATAT","L21H","2","12294286","GATATATATATATATATATAT","GATATATATATATATAT"
"L17J","2","12330423","C","T","L21H","2","12330423","C","T"
"","","","","","L21H","2","12361352","T","A"
"","","","","","L21H","2","12368628","C","A"
"L17J","2","12404903","TTATATATATATATATATATATATATAT","TTATATATATATATATATATATATAT","L21H","2","12404903","TTATATATATATATATATATATATATAT","TTATATATATATATATATATATATATATAT"
"","","","","","L21H","2","12416776","G","A"
"L17J","2","12425476","C","T","L21H","2","12425476","C","T"
"L17J","2","12435148","C","T","L21H","2","12435148","C","T"
"L17J","2","12459968","TAA","TA","L21H","2","12459968","TAA","TA"
"L17J","2","12485802","C","T","L21H","2","12485802","C","T"
"L17J","2","12493656","CATATATATATATATATATAT","CATATATATATATATATAT","L21H","2","12493656","CATATATATATATATATATAT","CATATATATATATATATAT"
"L17J","2","12600316","G","A","L21H","2","12600316","G","A"
"L17J","2","12607830","TTATATATATATATATATATATAT","TTATATATATATATATATATATATAT","L21H","2","12607830","TTATATATATATATATATATATAT","TTATATATATATATATATATATATAT"
"","","","","","L21H","2","12615177","C","A"
"L17J","2","12630229","G","A","L21H","2","12630229","G","A"
"","","","","","L21H","2","12639183","G","T"
"","","","","","L21H","2","12649244","G","T"
"L17J","2","12680164","C","T","L21H","2","12680164","C","T"
"","","","","","L21H","2","12687827","GATATATATATATATATAT","GATATATATATATATAT"
"L17J","2","12718714","C","T","L21H","2","12718714","C","T"
"L17J","2","12733701","C","T","L21H","2","12733701","C","T"
"L17J","2","12739161","G","A","L21H","2","12739161","G","A"
"","","","","","L21H","2","12739398","C","T"
"","","","","","L21H","2","12756203","C","A"
"L17J","2","12758987","A","C","L21H","2","12758987","A","C"
"","","","","","L21H","2","12783389","C","A"
"L17J","2","12845233","AATATATATATATATATAT","AATATATATATATATAT","L21H","2","12845233","AATATATATATATATATAT","AATATATATATATATAT"
"L17J","2","12920880","C","T","L21H","2","12920880","C","T"
"","","","","","L21H","2","12959447","G","A"
"L17J","2","12967271","GATATATATATATATATATATATATATATA","GATATATATATATATATATATATATATATATATA","L21H","2","12967271","GATATATATATATATATATATATATATATA","GATATATATATATATATATATATATATATATA"
"","","","","","L21H","2","12986093","AATATATATATATATATATA","AATATATATATATATATA"
"","","","","","L21H","2","12992607","C","A"
"L17J","2","12998781","C","T","L21H","2","12998781","C","T"
"L17J","2","13011723","TTGTGTGTGTGTGTGTGTGTGTGTGTGTGTGT","TTGTGTGTGTGTGTGTGTGTGTGTGTGTGT","L21H","2","13011723","TTGTGTGTGTGTGTGTGTGTGTGTGTGTGTGT","TTGTGTGTGTGTGTGTGTGTGTGTGTGTGT"
"","","","","","L21H","2","13014182","C","A"
"L17J","2","13035517","T","C","L21H","2","13035517","T","C"
"","","","","","L21H","2","13073439","G","A"
"","","","","","L21H","2","13094772","AATATATATATATATATATATATATAT","AATATATATATATATATATATATAT"
"","","","","","L21H","2","13123816","A","T"
"L17J","2","13166249","CATATATATATATATATATATATAT","CATATATATATATATATATATAT","L21H","2","13166249","CATATATATATATATATATATATAT","CATATATATATATATATATATAT"
"","","","","","L21H","2","13178052","C","A"
"L17J","2","13185325","GA","GAA","L21H","2","13185325","GA","GAA"
"L17J","2","13191449","C","T","L21H","2","13191449","C","T"